palabra,polaridad
abanderamiento,-1
abandonado,-1
abandonar,-1
abandono,-1
abastecer,1
abba,1
abedul,-1
aberracion,-1
aberrante,-1
abismal,-1
abismo,-1
abolicion,-1
abolir,-1
abominable,-1
abominacion,-1
aborrecer,-1
aborrecible,-1
aborrecimiento,-1
abortar,-1
abortivo,-1
aborto,-1
abrasador,-1
abrasion,-1
abrazar,1
abrazo,1
abrigo,1
abrogar,-1
abrumado,-1
abrumar,-1
absceso,-1
absentismo,-1
absolucion,1
absoluto,1
absorbido,1
absorto,1
absurdo,-1
abucheo,-1
abuela,1
aburrido,-1
aburrimiento,-1
abuso,-1
abyecto,-1
academia,1
academico,1
acariciar,-1
acaro,-1
accesible,1
accesorio,1
accidental,-1
accidente,-1
accion,1
accueil,1
acecho,-1
acelerador,-1
aceptable,1
aceptacion,1
achispado,-1
acidez,-1
acido,-1
aclarar,1
acogedor,1
acolchado,1
acompanamiento,1
acomplejado,-1
aconsejable,1
acontecer,-1
acordando,1
acordar,1
acorde,1
acoso,-1
acostado,-1
acre,-1
acreditado,1
acribillado,-1
acrobata,1
acuerdo,1
acuoso,-1
acusacion,-1
acusado,-1
acusador,-1
acusando,-1
acusativo,-1
adaptable,1
adaptar,1
adecuacion,1
adecuado,1
adelante,1
adelanto,1
adepto,1
adiccion,-1
adiposo,-1
adjunto,1
administracion,1
admirable,1
admiracion,1
admirador,1
admirar,1
admisible,1
admonicion,-1
adoctrinamiento,-1
adorable,1
adoracion,1
adorar,1
adornar,-1
adornos,-1
adquirir,1
adulterado,-1
adulterio,-1
advenimiento,1
adversario,-1
adversidad,-1
adverso,-1
advertir,-1
afable,1
afan,1
afecto,1
afeminado,-1
aficion,1
afido,-1
afin,1
afirmacion,1
afirmando,1
afirmar,1
afirmativamente,1
afirmativo,1
afliccion,-1
afligido,-1
afligir,-1
afligirse,-1
afluente,1
afortunado,1
afrenta,-1
aga,1
agarrando,-1
agarrar,-1
agazapado,-1
agil,1
agilidad,1
agitacion,-1
agitado,-1
agonia,-1
agonizante,-1
agotado,-1
agotamiento,-1
agraciado,1
agradable,1
agravacion,-1
agravado,-1
agravante,-1
agravio,-1
agresion,-1
agresivo,-1
agresor,-1
agricultura,1
agrietado,-1
agrietamiento,-1
agrimensura,1
agrio,-1
aguanieve,-1
aguante,1
agudeza,1
agudisimo,-1
aguja,1
agujereado,-1
ahogado,-1
ahogar,-1
ahogarse,-1
ahorro,1
ahorros,1
airado,-1
aires,-1
aislado,-1
aislamiento,-1
ajedrea,1
alabado,1
alabanza,1
alabastro,1
alardear,-1
alarma,-1
alarmante,-1
alboroto,-1
alcalde,1
alcantarillado,-1
alcanzable,1
alcohol,-1
alcoholismo,-1
aldeano,1
aleatorizacion,-1
alegacion,-1
alegar,-1
alegre,1
alegria,1
alegro,1
alejado,-1
alentar,1
aleron,-1
alferez,1
algarabia,-1
alguacil,-1
aliado,1
alienacion,-1
alienado,-1
alimentacion,1
alimento,1
aliviando,1
aliviar,1
alivio,1
alma,1
almirante,1
almohada,1
almohadilla,1
aloha,1
alojamiento,1
alquitranado,-1
altercado,-1
altivo,-1
alto,-1
altruista,1
alucinacion,-1
amabilidad,1
amable,1
amanecer,1
amanerado,1
amargamente,-1
amargura,-1
amarillos,-1
ambicion,1
ambicioso,1
ambiental,1
ambiguo,-1
amen,1
amenaza,-1
amenazador,-1
amenazante,-1
amenazar,-1
amenidad,1
amigo,1
amistad,1
amistoso,1
amnesia,-1
amnistia,1
amor,1
amoroso,1
amour,1
ampliar,1
ampolla,-1
anaconda,-1
anal,-1
analfabeto,-1
analista,1
anarquia,-1
anarquismo,-1
anarquista,-1
anatema,-1
anciano,1
ancianos,1
ancla,1
andamio,-1
anfetaminas,-1
angel,1
angelical,1
angina,-1
angustia,-1
angustiado,-1
angustioso,-1
animado,1
animar,1
animosidad,-1
aniquilacion,-1
aniquilado,-1
aniquilar,-1
aniversario,1
anomalia,-1
anonimo,-1
anormal,-1
ansiedad,-1
antagonico,-1
antagonismo,-1
antagonista,-1
antepasados,1
antibioticos,1
anticristo,-1
anticuado,-1
antidoto,1
antifungico,1
antiguedad,1
antiguo,-1
antinatural,-1
antipatia,-1
antipatico,-1
antiseptico,1
antisocial,-1
antitesis,-1
antrax,-1
anudado,-1
anulacion,-1
anulado,-1
anular,-1
apache,-1
apagador,-1
apalancamiento,1
aparentemente,-1
apasionado,1
apatia,-1
apatico,-1
apenas,-1
apendicitis,-1
aplastado,-1
aplastante,-1
aplastar,-1
aplaudir,1
aplausos,1
aplazamiento,-1
aplazar,-1
aplicacion,-1
aplomo,1
apogeo,1
apologetico,1
apostol,1
apoyado,1
apoyo,1
apreciacion,1
apreciar,1
aprender,1
aprendizaje,1
aprension,-1
aprensivo,-1
apresador,-1
apresurado,-1
aprobacion,1
aprobar,1
apropiacion,-1
apropiado,1
aprovechar,-1
aptitud,1
apto,1
apuesto,1
apuntalar,1
arbitro,1
arbol,1
arcaico,-1
archivado,-1
ardid,-1
ardiente,1
ardor,1
arduo,-1
arena,1
argolla,-1
argumentar,-1
argumento,-1
arido,-1
arista,-1
aristocracia,1
aristocratico,1
armadura,1
armamento,-1
armonia,1
armoniosamente,1
aroma,1
arqueologia,1
arraigado,1
arrastrarse,-1
arrepentido,-1
arrepentirse,1
arrestar,-1
arriesgado,-1
arrogancia,-1
arrogante,-1
arruinada,-1
arruinado,-1
arsenico,-1
arte,1
artesano,1
articulacion,1
articular,1
artilleria,-1
artista,1
artistico,1
asalto,-1
asar,-1
ascendiente,1
ascenso,1
asco,-1
asegurado,1
asegurar,1
asentimiento,1
asequible,1
asesinar,-1
asesinato,-1
asesino,-1
asesor,1
asesorar,1
asfixia,-1
asilo,-1
asistencia,1
asistente,1
asociacion,1
asociado,1
asombro,1
asombrosamente,1
asombroso,-1
aspectos,1
aspereza,-1
aspiracion,1
aspirar,1
asqueroso,-1
astilla,-1
astringente,-1
astrologo,1
astronauta,1
astronomo,1
asustado,-1
asustar,-1
atacar,-1
atadura,-1
ataque,-1
ataques,-1
ataud,-1
ateismo,-1
atencion,1
atento,1
atenuacion,-1
atenuada,-1
aterciopelado,1
aterosclerosis,-1
aterrizado,1
aterrorizar,-1
atestiguar,1
atleta,1
atletico,1
atomo,1
atracado,-1
atraccion,1
atractivo,1
atrasado,-1
atrasos,-1
atrevido,1
atrocidad,-1
atrofia,-1
atropello,-1
atroz,-1
aturdida,-1
aturdido,-1
audaz,1
audicion,-1
augusto,1
aullido,-1
aura,1
ausencia,-1
ausente,-1
austeridad,-1
austero,-1
autenticidad,1
autentico,1
autocratico,-1
autopsia,-1
autoridad,1
autoritario,1
autorizacion,1
autorizado,1
autorizar,1
avalancha,-1
avanzado,1
avanzar,1
avaricia,-1
avatar,1
aventuras,1
aventurero,1
avergonzado,-1
avergonzar,-1
aversion,-1
avivar,1
ayuda,1
ayudante,1
ayudar,1
ayuno,-1
azogue,-1
azotar,-1
azote,-1
azucar,1
azucarado,1
azufre,-1
azulejos,1
babosa,-1
baboso,-1
babuino,-1
bachillerato,1
bacteria,-1
bacterias,-1
bagatela,-1
bajar,-1
balada,1
balbuceo,-1
ballet,1
baloncesto,1
bandido,-1
bano,1
banquete,1
banshee,-1
barbarie,-1
barbaro,-1
barbecho,-1
bardo,1
barra,1
barrera,-1
barricada,-1
barro,-1
bastante,1
bastardo,-1
bastion,1
basura,-1
basurero,-1
batalla,-1
batallado,-1
bateador,-1
bateria,-1
bautismal,1
bautismo,1
bayoneta,-1
bebe,1
beca,1
belicoso,-1
beligerante,-1
bella,1
belleza,1
bendecir,1
bendicion,1
bendiciones,1
bendito,1
benefactor,1
beneficio,1
beneficioso,1
benevolencia,1
benigno,1
beso,1
bestia,-1
bestial,-1
biblico,1
biblioteca,1
bichos,-1
bienes,1
bienvenida,1
bilingue,1
bilis,-1
biopsia,-1
bis,1
bisturi,-1
blanco,1
blancura,1
blasfemia,-1
blasfemo,-1
bloqueo,-1
blues,-1
bluff,-1
bobo,-1
bocado,-1
bochornoso,1
bofetada,-1
boicoteo,-1
bomba,-1
bombardeado,-1
bombardear,-1
bombardeo,-1
bombo,-1
bonanza,1
bondad,1
bonne,1
bonos,-1
borde,-1
borracho,-1
borrar,-1
borroso,-1
bostezo,-1
bote,1
botin,-1
bovino,-1
boya,1
bozal,-1
brandy,-1
bravata,-1
brecha,-1
bribon,-1
brigada,-1
brillante,1
brillar,1
brillo,1
brindis,1
brio,1
brocado,1
broma,-1
bromas,1
bromear,1
bronceado,1
bruja,-1
brujeria,-1
brusco,-1
brutal,-1
brutalidad,-1
bruto,-1
bueno,1
buffet,-1
bug,-1
buitre,-1
bulboso,-1
buldog,1
bulto,-1
burdel,-1
burke,-1
burla,-1
burlarse,-1
burlas,-1
burlon,-1
burocracia,-1
burocrata,-1
burro,-1
busqueda,1
buss,1
cabala,-1
caballeria,1
cabestro,-1
cabildero,-1
cachorro,1
cacique,1
cacofonia,-1
cadaver,-1
caducado,-1
caducar,-1
caer,-1
cafe,1
caido,-1
cala,1
calambre,-1
calamitoso,-1
calculador,-1
calculadora,1
calificado,1
calificativo,1
calloso,-1
calma,1
calmante,1
calmar,1
calumnia,-1
calumnioso,-1
camada,-1
campana,-1
campanero,-1
campeon,1
canalla,-1
canario,1
cancelar,-1
cancer,-1
cancioneta,1
cancro,-1
candidato,1
canguelo,-1
canibal,-1
canibalismo,-1
canon,-1
canoso,-1
cansado,-1
cansancio,-1
cansinamente,-1
cantar,1
canto,1
caos,-1
caotico,-1
capa,1
capacidad,1
capataz,1
capitalista,1
capitan,1
capricho,-1
captura,-1
capucha,-1
caracteristica,1
carcaj,-1
carcel,-1
carcinoma,-1
cardiomiopatia,-1
carente,-1
carga,-1
cargado,-1
cargador,1
caricatura,-1
caricia,1
caridad,1
caries,-1
carino,1
caritativo,1
carnal,-1
carniceria,-1
carnicero,-1
carnivoro,-1
carnoso,-1
caro,-1
carril,-1
cartel,-1
cartilla,1
casa,1
casarse,1
cascada,1
cascara,-1
casco,1
caso,-1
caspa,-1
casta,-1
castidad,1
castigado,-1
castigar,-1
castigo,-1
catacion,-1
catarata,-1
catartico,1
catastrofe,-1
catedral,1
categorico,1
cateter,-1
cautelosamente,1
cautivador,1
cautivar,1
cautiverio,-1
cautivo,-1
cayo,-1
caza,-1
cazador,-1
cebo,-1
ceder,-1
cegado,-1
ceguera,-1
celebracion,1
celebrando,1
celebre,1
celeste,1
celestial,1
celo,1
celos,-1
cementerio,-1
cena,1
cenagal,-1
ceniza,-1
cenizas,-1
ceno,-1
censor,-1
censura,-1
centelleo,1
centinela,1
centro,1
centurion,1
cenudo,-1
cercania,1
cerda,-1
cerdo,-1
cerebral,1
ceremonia,1
cereza,1
certeza,1
cervato,-1
cerveza,1
cese,-1
chantaje,-1
chapado,-1
charada,-1
chicane,-1
chillido,-1
chirrido,1
chismes,-1
chispa,1
chocando,-1
chocolate,1
choque,-1
chorro,-1
chubasco,-1
chulo,-1
chupar,-1
chusma,-1
cianuro,-1
ciatica,-1
cicatriz,-1
ciclon,-1
ciego,-1
cielo,1
cielos,1
cieno,-1
cientifico,1
cierre,1
cigarrillo,-1
cincel,1
cinta,1
cinturon,-1
circuncision,1
ciruela,1
cisma,-1
citacion,-1
citada,1
citomegalovirus,-1
ciudadano,1
civil,1
civilidad,1
civilizacion,1
civilizado,1
clamor,-1
claridad,1
clarividente,1
clase,1
clasico,1
clasicos,1
clasificacion,-1
clasificador,1
clasificar,1
claustro,-1
clerical,1
cliente,1
climax,1
cloroformo,-1
coaccion,-1
coalicion,1
cobarde,-1
cobardia,-1
cobertizo,-1
cobrable,-1
cocaina,-1
codazo,-1
codicia,-1
codiciar,-1
codicioso,-1
codorniz,-1
coercion,-1
coexistir,1
cognitivo,1
cohecho,-1
coherencia,1
coherente,1
cohesivo,1
coima,-1
cojear,-1
cojin,1
colapso,-1
colectivamente,1
colera,-1
colgante,-1
colico,-1
colision,-1
colmena,-1
colosal,1
colusion,-1
coma,-1
comandante,1
comatoso,-1
combate,-1
combatiente,-1
combativo,-1
comentarista,1
comer,1
cometa,-1
comico,-1
comida,1
comodidad,1
comodin,1
comodoro,1
companerismo,1
companero,1
compasion,1
compasivo,1
compatibilidad,1
compatible,1
compensacion,1
compensar,1
compensatoria,1
competente,1
complacencia,1
complaciente,1
complejidad,-1
complementario,1
complemento,1
completamente,1
completar,1
completo,1
complicacion,-1
complicado,-1
complicar,-1
compositor,1
compost,-1
compras,1
comprender,1
comprension,1
comprensivo,1
comprometido,1
compromiso,-1
compuesto,1
compulsion,-1
comunicarse,1
comunicativo,1
comunidad,1
comunion,1
comunismo,-1
comunista,-1
conceder,1
concedido,1
concentrico,1
conciencia,1
concienzudo,1
conciliacion,1
conclusiva,1
concordancia,1
concordia,1
conde,1
condena,-1
condenacion,-1
condenado,-1
condenar,-1
condesa,1
condescendencia,-1
condescendiente,-1
condolencia,1
condonar,1
conducente,1
conducir,1
conductividad,1
confederado,1
confesion,-1
confiabilidad,1
confianza,1
confinado,-1
confinamiento,-1
confinar,-1
confirmado,1
confiscacion,-1
confiscar,-1
conflagracion,-1
conflicto,-1
conformidad,1
confundido,-1
confundir,-1
confusa,-1
confusion,-1
confuso,-1
congelacion,-1
congestion,-1
congratulatorio,1
congregacion,1
congruencia,1
conjeturar,1
conjunto,1
conmemoracion,1
conmemorar,1
conmemorativo,1
conmocion,-1
conmutacion,1
conmutar,1
conocedor,1
conocido,1
conocimiento,1
conquista,-1
consagracion,1
consejo,1
conservacion,1
conservar,1
considerable,1
consideracion,1
considerado,1
consistencia,1
consola,1
consonante,1
conspirador,-1
conspirar,-1
constancia,1
constante,1
consternacion,-1
constitucional,1
constrenido,-1
constrenir,-1
construir,1
consuelo,1
consumado,1
contacto,1
contagio,-1
contagioso,-1
contaminacion,-1
contaminado,-1
contaminar,-1
contar,1
contemplacion,1
contencioso,-1
contenido,1
contento,1
continuar,1
contorno,1
contrabandear,-1
contrabandista,-1
contrabando,-1
contradecir,-1
contradiccion,-1
contradictorio,-1
contrario,-1
contrastado,-1
contratado,-1
contratar,1
contravencion,-1
contribuir,1
contribuyente,1
controversia,-1
contusion,-1
convencer,1
convencion,1
convenido,1
conveniencia,1
conveniente,1
convento,1
conversacional,1
convertir,1
conviccion,-1
convicto,-1
convincente,1
convulsion,-1
conyuge,1
cooperacion,1
cooperar,1
cooperativa,1
copia,-1
copycat,-1
coraje,1
coral,1
corazonada,-1
cordero,1
cordial,1
cordialmente,1
cornudo,-1
coro,1
coronacion,1
coronamiento,1
coronel,1
corporacion,1
corporal,-1
corporeo,1
correccion,-1
correctamente,1
correctivo,1
correcto,1
correspondencia,1
corresponder,1
corroborar,1
corrosion,-1
corrosivo,-1
corrupcion,-1
corrupta,-1
corrupto,-1
corruptora,-1
cortador,-1
cortadores,1
cortar,-1
corte,-1
cortes,1
cortesia,1
cosecha,1
cosmopolita,1
cosquillas,1
costa,1
costado,-1
costra,-1
crawl,-1
crear,1
creativo,1
crecer,1
creciente,1
crecimiento,1
credencial,1
credibilidad,1
credito,1
credulo,-1
creible,1
crema,1
cremallera,-1
crescendo,1
creyendo,1
criado,-1
criatura,-1
crimen,-1
criminal,-1
criminalidad,-1
cripta,-1
crisis,-1
cristal,1
criticar,-1
critico,-1
cronica,1
cronico,-1
crucial,1
crucifixion,-1
crudo,-1
cruel,-1
crueldad,-1
crujido,-1
crujiente,-1
cruzada,-1
cruzado,-1
cruzar,-1
cuchillada,-1
cuco,-1
cuento,1
cuestionable,-1
cuestionado,-1
cuestionamientos,-1
cuidadosamente,1
cuidadoso,1
culata,-1
culinario,1
culminacion,1
culo,-1
culpa,-1
culpabilidad,-1
culpable,-1
cultivado,1
cultivar,1
cultivo,1
cultura,1
cumpleanos,1
cumplido,1
cumplimiento,1
cumplir,1
cuna,1
curable,1
curacion,1
curandero,-1
curiosidad,1
curioso,-1
curtido,-1
daga,-1
dama,1
dando,1
dandy,-1
dano,-1
danza,1
debacle,-1
debate,1
debil,-1
debilidad,-1
debilitado,-1
debilmente,-1
decaimiento,-1
decencia,1
decepcion,-1
decepcionado,-1
decepcionante,-1
decepcionar,-1
dechado,1
declaracion,1
declaratorio,1
declinacion,-1
declinante,-1
decremento,-1
decrepito,-1
dedicacion,1
deducir,-1
defecto,-1
defectuoso,-1
defender,1
defendido,1
defensa,1
defensor,1
deferencia,1
deficiencia,-1
deficit,-1
definitivo,1
deflacion,-1
deformado,-1
deformar,-1
deformidad,-1
defraudar,-1
degeneracion,-1
degenerado,-1
degradacion,-1
degradante,-1
degradar,-1
dejar,-1
delantero,1
delator,-1
delegado,1
deleite,1
deletereo,-1
delfin,1
delgado,1
deliberado,1
delicioso,1
delincuencia,-1
delincuente,-1
delirante,-1
delito,-1
demacrado,-1
demanda,-1
demandante,-1
demandar,-1
demencia,-1
demente,-1
democracia,1
demoler,-1
demolicion,-1
demoniaco,-1
demonio,-1
demostrable,1
demostrar,1
demostrativo,1
denuncia,-1
denunciar,-1
deplorable,-1
deplorablemente,-1
deplorar,-1
deportacion,-1
deportar,-1
depravacion,-1
depravado,-1
depreciacion,-1
depreciado,-1
depreciar,-1
depredador,-1
depresion,-1
depresivo,-1
deprimente,-1
deprimido,-1
deprimir,-1
derogacion,-1
derrocamiento,-1
derrota,-1
derrotado,-1
desacreditar,-1
desactivar,-1
desacuerdo,-1
desafecto,-1
desafiante,-1
desafiar,-1
desafio,-1
desafortunado,-1
desagradable,-1
desagradecido,-1
desagrado,-1
desahuciar,-1
desajuste,-1
desalentar,-1
desaliento,-1
desalojo,-1
desamparado,-1
desaparecido,-1
desapasionado,-1
desapego,-1
desaprensivo,-1
desaprobacion,-1
desaprobado,-1
desaprobar,-1
desaprovechado,-1
desarrollar,1
desastre,-1
desastroso,-1
desatendido,-1
desayuno,1
desbordamiento,-1
descalificacion,-1
descalificado,-1
descalificar,-1
descarado,-1
descarga,-1
descartes,-1
descenso,-1
descolorado,-1
descoloramiento,-1
descolorarse,-1
descomposicion,-1
descompostura,-1
desconcertado,-1
desconectado,-1
desconectar,-1
desconexion,-1
desconfianza,-1
desconocido,-1
desconsiderado,-1
desconsolado,-1
descontento,-1
descorazonado,-1
descorazonador,-1
descortes,-1
descreer,-1
descriptivo,1
descubrimiento,1
descuento,1
descuidado,-1
descuido,-1
desden,-1
desdenoso,-1
deseable,1
deseante,1
desecho,-1
desempleados,-1
desenredar,1
deseoso,1
desercion,-1
deservicio,-1
desesperacion,-1
desesperado,-1
desfallecer,-1
desfavorable,-1
desfigurado,-1
desgarrado,-1
desgarrar,-1
desgaste,-1
desgraciado,-1
deshacer,-1
deshonestidad,-1
deshonesto,-1
deshonor,-1
deshonrado,-1
deshonroso,-1
desierto,-1
desigual,-1
desigualdad,-1
desilusion,-1
desinfeccion,1
desinflar,-1
desinformacion,-1
desintegracion,-1
desintegrarse,-1
desinteresado,-1
desistir,-1
desleal,-1
deslizamiento,1
deslucido,-1
deslumbramiento,-1
desmanado,-1
desmayo,-1
desmembramiento,-1
desmoralizado,-1
desmoronamiento,-1
desobedecer,-1
desobediencia,-1
desobediente,-1
desorden,-1
desordenado,-1
desorganizacion,-1
desorganizado,-1
despecho,-1
despectivo,-1
despeje,1
despertar,1
despiadado,-1
despido,-1
despilfarro,-1
desplazar,-1
desplegar,1
despojado,-1
despojo,-1
desposada,1
desposeidos,-1
despotico,-1
despotismo,-1
despreciable,-1
despreciar,-1
desprecio,-1
desprevenido,-1
desprotegido,-1
desterrar,-1
destierro,-1
destilacion,1
destitucion,-1
destreza,1
destrozado,-1
destruccion,-1
destructivo,-1
destructor,-1
destruido,-1
destruyendo,-1
desuso,-1
desvario,-1
desvencijado,-1
desvergonzado,-1
desviacion,1
deteccion,1
detectar,1
detencion,-1
detener,-1
detenido,-1
deteriorado,-1
deteriorarse,-1
deterioro,-1
determinacion,1
determinado,1
detestar,-1
detonar,-1
detraer,-1
detrimento,-1
detrito,-1
deuda,-1
deudor,-1
devastacion,-1
devastador,-1
devastar,-1
devolucion,-1
devorar,-1
devoto,1
diablo,-1
diabolico,-1
diagnostico,-1
diamante,1
diario,1
diatriba,-1
diccionario,1
dichoso,1
dictador,-1
dictadura,-1
dictatorial,-1
didactico,1
dietetico,1
difamacion,-1
difamatorio,-1
dificultad,-1
dificultades,-1
difunto,-1
dignidad,1
digno,1
dilacion,-1
dilema,-1
diligencia,1
diluir,-1
diluvio,-1
dimitir,-1
dinero,1
dios,1
diplomacia,1
diplomatico,1
direccion,1
direcciones,1
director,1
discapacidad,-1
discapacitado,-1
disciplina,-1
discontinua,-1
discontinuidad,-1
discorde,-1
discordia,-1
discrecion,1
discrecional,1
discrepar,-1
discreto,1
discriminacion,-1
discriminante,-1
discriminar,-1
disculpa,1
disculparse,1
discurso,1
discusion,1
discusiones,-1
discutible,-1
discutidor,-1
diseminar,1
disenador,1
disension,-1
disenteria,-1
disfrutando,1
disfrutar,1
disgustado,-1
disgusto,-1
disidente,-1
disipar,-1
dislocado,-1
disminucion,-1
disminuido,-1
disminuir,-1
disolucion,-1
disonancia,-1
disparar,-1
disparates,-1
disparidad,-1
disparo,-1
dispendioso,-1
dispersion,-1
dispuesto,1
disputa,-1
distanciado,-1
distincion,1
distorsion,-1
distorsionado,-1
distraccion,-1
distraer,-1
distraido,-1
divagar,-1
divergente,-1
diversificado,1
diversion,1
divertido,1
divertir,1
divinidad,1
division,-1
divorcio,-1
docil,1
dogmatico,-1
dolor,-1
dolorido,-1
doloroso,-1
dominacion,-1
don,1
donacion,1
doncella,1
dotacion,1
dotado,1
dotar,1
downfall,-1
drenaje,-1
drivel,-1
drogado,-1
ducha,-1
duda,-1
dudando,-1
dudoso,-1
duela,-1
duelo,-1
duende,-1
dueto,1
dulce,1
dulces,1
dulzura,1
duplicidad,-1
duque,1
durabilidad,1
durable,1
dureza,-1
duro,-1
ebrio,-1
edicto,-1
edificacion,1
edificio,1
educado,1
educar,1
educativo,1
efectivo,1
efemerides,1
eficacia,1
eficaz,1
eficiencia,1
eficiente,1
egoismo,-1
egoista,-1
egolatra,-1
ejecucion,-1
ejecutante,1
ejemplar,1
elaboracion,1
eleccion,1
electo,1
electricidad,1
electrico,1
elegancia,1
elegante,1
elegible,1
elevacion,1
eliminacion,-1
elite,1
elocuencia,1
elogiar,1
elucidar,1
elusivo,-1
emancipacion,1
embajador,1
embarazo,-1
embarazoso,-1
embargar,-1
embargo,-1
embellecer,1
embellecimiento,1
embolia,-1
emboscada,-1
embriagador,-1
embriaguez,-1
embrollado,-1
embrollo,-1
embromar,-1
embrujado,-1
emergencia,-1
emeritus,1
eminencia,1
eminente,1
eminentemente,1
emir,1
emocion,1
emocionado,1
emocionante,1
empanar,-1
empatia,1
empeoramiento,-1
empequenecer,-1
empequenecido,-1
emprendedor,1
empujon,-1
emular,1
enajenar,-1
enano,-1
encallado,-1
encantador,1
encantar,1
encanto,1
encarcelado,-1
encarcelamiento,-1
encarcelar,-1
encausar,-1
enciclopedia,1
enclave,-1
encoger,-1
encogerse,-1
encuadernado,-1
endeble,-1
endemico,-1
enemigo,-1
enemistad,-1
energetico,1
enfermedad,-1
enfermera,1
enfermizo,-1
enfermo,-1
enganado,-1
enganar,-1
enganchado,-1
engano,-1
enganoso,-1
engranaje,1
engreido,-1
engreimiento,-1
enigmatico,-1
enjuiciamiento,-1
enjuiciar,-1
enlace,-1
enloquecer,-1
enloquecido,-1
enmendar,1
enojado,-1
enredado,-1
enredo,-1
enriquecer,1
enriquecimiento,-1
ensenar,1
ensimismamiento,1
enterrado,-1
entierro,-1
entonacion,1
entranas,-1
entrega,1
entretener,1
entretenido,1
entretenimiento,1
entrometerse,-1
entumecido,-1
entumecimiento,-1
entusiasmo,1
entusiasta,1
envenenado,-1
envenenamiento,-1
envenenar,-1
envidioso,-1
epico,1
epidemia,-1
epilepsia,-1
epitome,1
equidad,1
equilibrado,1
equilibrio,1
equivocado,-1
erosion,-1
erradicacion,-1
erradicar,-1
errante,-1
errar,-1
errata,-1
erratico,-1
erroneamente,-1
erroneo,-1
error,-1
erudito,1
erupcion,-1
esbelto,1
escabeche,-1
escabroso,-1
escabullirse,-1
escalar,-1
escalofrio,-1
escama,-1
escamoso,-1
escandalo,-1
escandaloso,-1
escaramuza,-1
escarnio,-1
escasez,-1
escaso,-1
escatimar,-1
esceptico,-1
esclavitud,-1
esclavizado,-1
esclavizar,-1
esclavo,-1
escoces,-1
escombros,-1
escoria,-1
escorpion,-1
escozor,-1
escriba,1
escritor,1
escritura,-1
escrutinio,-1
escudrinar,-1
escultura,1
escupio,-1
esencial,1
esforzarse,1
esfuerzo,1
esfuerzos,-1
esguince,-1
espacioso,1
espaldarazo,1
espantado,-1
espantoso,-1
espasmo,-1
especia,1
especial,1
espectral,-1
espectro,-1
especulacion,-1
espejismo,-1
espeluznante,-1
esperanza,1
esperanzado,1
espinilla,-1
espinoso,-1
espionaje,-1
espiritu,1
esplendido,1
esplendor,1
esponja,-1
espuma,-1
espurio,-1
esquema,-1
esquizofrenia,-1
estable,1
establecido,1
estacada,-1
estacionario,-1
estado,1
estafador,-1
estancado,-1
estante,-1
estatua,1
estelar,1
estereotipo,-1
esteril,-1
esterilidad,-1
esteriotipado,-1
estetica,1
estetico,1
estiercol,-1
estigma,-1
estilo,1
estima,1
estimulo,1
estorbar,-1
estornudar,-1
estragos,-1
estrangulacion,-1
estrangular,-1
estratega,1
estrategico,1
estrecheces,-1
estrecho,-1
estrella,1
estrellado,1
estremecimiento,-1
estrenimiento,-1
estres,-1
estridente,-1
estropear,-1
estructura,1
estruendo,-1
estudio,1
estupidez,-1
estupido,-1
estupor,-1
esvastica,-1
eterno,1
etica,1
etico,1
eutanasia,-1
evacuacion,-1
evacuar,-1
evadir,-1
evangelio,1
evasion,-1
evidente,1
evitacion,-1
evitar,-1
evolucion,1
exacerbacion,-1
exacerbar,-1
exacto,1
exagerado,-1
exagerar,-1
exaltacion,1
exaltado,1
exaltar,1
examen,-1
exasperacion,-1
excavacion,-1
exceder,1
excelencia,1
excelente,1
excesivo,-1
exceso,-1
excitable,1
excitacion,1
excitar,1
excluidos,-1
exclusion,-1
excluyendo,-1
excoriacion,-1
excremento,-1
excrementos,-1
excusa,-1
exencion,1
exhortacion,1
exhortar,1
exigente,-1
exilio,-1
existencia,1
exito,1
exitoso,1
exorcismo,-1
exotico,1
expatriado,-1
expectativa,1
expedicion,1
experimentado,1
experto,1
expiacion,1
expletivo,-1
explicar,1
explosivo,-1
explotar,-1
exprimidor,-1
expropiacion,-1
expuesto,-1
expulsar,-1
expulsion,-1
exquisitamente,1
exquisito,1
extasis,1
extatico,1
extendido,1
extenso,1
exterminar,-1
exterminio,-1
extinguir,-1
extinto,-1
extra,1
extracontractual,-1
extrajudicial,-1
extranjero,-1
extrano,-1
extraordinariamente,1
extraordinario,1
extravagante,-1
extraviado,-1
extremidad,-1
exuberancia,1
eyaculacion,1
fabricacion,-1
fabricante,1
fabricar,-1
facilidad,1
facilitar,1
facilmente,1
facultad,1
faena,-1
fain,1
falacia,-1
falible,-1
falla,-1
fallecido,-1
fallecimiento,-1
falsamente,-1
falsedad,-1
falsificacion,-1
falsificar,-1
falso,-1
falta,-1
fama,1
famelico,-1
familia,1
familiar,1
familiaridad,1
famosamente,1
famoso,1
fanatico,-1
fanfarria,1
fango,-1
fangoso,-1
fantasia,1
fantasma,-1
fantasmal,-1
farfulla,-1
farmaceutico,1
faro,1
farsa,-1
fascinacion,1
fascinante,1
fastidio,-1
fatal,-1
fatalidad,-1
fatiga,-1
fatigado,-1
fatigas,-1
favorable,1
favorecimiento,-1
favoritismo,1
favorito,1
fealdad,-1
febril,-1
fecal,-1
fechoria,-1
felicidad,1
feliz,1
felizmente,1
felpa,1
femenino,1
fenix,1
feo,-1
feretro,-1
feria,1
fermento,-1
ferocidad,-1
feroz,-1
fertil,1
fervor,1
festival,1
festivo,1
feudal,-1
feudalismo,-1
feudo,-1
fiador,1
fiasco,-1
ficticio,-1
fideicomitente,1
fidelidad,1
fiel,1
fiesta,1
fiestas,1
fila,-1
filantropia,1
filantropo,1
filibustero,-1
filosofo,1
filtracion,-1
finalmente,1
fingido,-1
fingir,-1
finura,1
firme,1
firmeza,1
fiscalia,-1
fisica,1
fisico,1
fisiologia,1
flacido,-1
flagrante,-1
flaquear,-1
flatulencia,-1
flema,-1
flexibilidad,1
flojo,-1
flor,1
floracion,1
floral,1
florido,1
flota,1
fluctuacion,-1
fluir,1
foco,1
fofo,-1
fondeadero,1
fondo,-1
fonetico,1
forjado,-1
forjar,1
forma,1
formacion,1
formalizado,-1
formalmente,1
formativo,1
formula,1
fornicacion,-1
forraje,-1
fortalece,1
fortalecer,1
fortalecimiento,1
fortaleza,1
forte,1
fortificar,1
fortuna,1
forzado,-1
fracaso,-1
fractura,-1
fragante,1
fragil,-1
fragilidad,-1
franco,1
franqueza,1
fraternal,1
fraternidad,1
fraude,-1
fraudulento,-1
frenesi,-1
frenetico,-1
fresco,1
frescura,1
frialdad,-1
friamente,-1
frigido,-1
frio,-1
frivolo,-1
fructifero,1
frugal,1
frustracion,-1
frustrado,-1
frustrar,-1
fuego,-1
fuga,-1
fugitivo,-1
fumador,-1
fumante,-1
fumble,-1
fundacion,1
fundamental,1
fundar,1
fundirse,1
furia,-1
furioso,-1
furor,-1
furtivamente,-1
furtivo,-1
fusible,1
fusion,1
futbol,1
futil,-1
futilidad,-1
gabinete,1
gaby,-1
gaceta,1
galante,1
galanteria,1
galas,1
gallinero,-1
ganador,1
ganadora,1
ganancia,1
ganancias,1
ganando,1
ganar,1
ganchos,-1
ganga,1
ganido,-1
garabato,-1
garantia,1
garganta,-1
garra,-1
garras,-1
gastado,-1
gasto,-1
gastos,-1
gatito,1
gaviota,-1
gema,1
gemelo,1
gemido,-1
general,1
generosidad,1
generoso,1
genial,1
genio,1
gentil,1
genuino,1
geranio,1
geriatrica,-1
gestionar,1
gigante,-1
gigantesco,1
gimnasta,1
gimoteo,-1
gitano,-1
glacial,-1
gloria,1
glorificacion,1
glorificar,1
glosar,1
gnomo,-1
gobernador,1
gobernar,1
gobierno,-1
gofre,-1
golpe,-1
golpear,-1
gonorrea,-1
goo,-1
gorila,-1
gota,-1
grabadora,1
gracia,1
graciosamente,1
gracioso,1
grado,1
graduacion,1
grajo,-1
granada,-1
grandeza,1
grasa,-1
graso,-1
gratificacion,1
gratitud,1
gravamen,-1
grave,-1
gravoso,-1
gregario,1
grieta,-1
gripe,-1
gritar,-1
grito,-1
grotesco,-1
grumoso,-1
grunendo,-1
grunido,-1
grunon,-1
grupo,-1
guardaespaldas,1
guardar,1
guardia,1
guardian,-1
guarida,-1
guarnicion,1
gubia,-1
guerra,-1
guerrero,1
guerrilla,-1
gueto,-1
guia,1
guiar,1
guillotina,-1
guion,1
guisa,-1
gula,-1
guru,1
gusano,-1
gusto,1
habil,1
habilitacion,1
habitat,1
hablador,-1
hablar,1
hacedor,1
hacer,1
hachis,-1
halar,1
hambriento,-1
hambruna,-1
handicap,-1
harapos,-1
haz,1
hazana,1
hazlo,-1
heces,-1
hechos,1
hediondo,-1
hedor,-1
hemorragia,-1
hemorroides,-1
herbario,1
hereje,-1
herejia,-1
herencia,1
herida,-1
herido,1
herir,-1
hermafrodita,-1
hermandad,1
hermano,1
hermosa,1
heroe,1
heroicidades,1
heroico,1
heroismo,1
herpes,-1
herpesvirus,-1
herrumbre,-1
hervir,-1
hidalgo,1
hidra,-1
hidrocefalia,-1
hiel,-1
hierro,1
hierros,-1
higienico,1
hija,1
hilarante,1
hilaridad,1
hilas,-1
himno,1
hinchado,-1
hinchazon,-1
hiperbole,-1
hipocresia,-1
hipocrita,-1
hippie,-1
hiriente,-1
histeria,-1
histerico,-1
hobby,1
hobo,-1
hogar,1
hollin,-1
holocausto,-1
hombro,1
homenaje,1
homicida,-1
homicidio,-1
homologia,1
homosexualidad,-1
honestidad,1
honesto,1
hongo,-1
honor,1
honorable,1
horca,-1
horda,-1
horizonte,1
horrendo,-1
horrible,-1
horriblemente,-1
horripilante,-1
horror,-1
horrores,-1
horrorizada,-1
horrorosamente,-1
hosco,-1
hospitalidad,1
hostigar,-1
hostil,-1
hostilidad,-1
hostilidades,-1
hueco,-1
huelga,-1
huerfano,-1
huir,-1
humanidad,1
humanitario,1
humano,1
humildad,1
humildemente,1
humillacion,-1
humillado,1
humillante,-1
humillar,-1
humo,-1
humor,1
humorista,1
humoristico,1
hundido,-1
hundimiento,-1
huracan,-1
hurto,-1
ictericia,-1
idealismo,1
idiota,-1
idiotez,-1
idolatria,-1
idolo,1
iglesia,1
ignorancia,-1
ignorante,-1
igualdad,1
igualmente,1
ilegal,-1
ilegalidad,-1
ilegible,-1
ilegitimo,-1
ilicito,-1
ilimitado,1
ilogico,-1
iluminacion,1
iluminar,1
ilustracion,1
ilustrar,1
ilustre,1
imaginativo,1
iman,1
imbecil,-1
imitacion,-1
imitado,-1
impaciencia,-1
impaciente,-1
imparcial,1
imparcialidad,1
impartir,1
impecable,1
impedir,-1
imperecedero,1
imperfeccion,-1
imperfectamente,-1
impermeable,1
impio,-1
implacable,-1
implicar,-1
imponente,1
impopular,-1
importancia,1
importante,1
imposible,-1
imposicion,-1
impostor,-1
impotencia,-1
impotente,-1
impracticable,-1
impresion,1
impresionado,-1
impresionar,1
imprevisible,-1
improductivo,-1
impropiedad,-1
improvisado,-1
improvisar,1
imprudencia,-1
imprudente,-1
impuesto,-1
impulso,1
impureza,-1
impuro,-1
imputacion,-1
imputado,-1
inaccesible,-1
inaceptable,-1
inactividad,-1
inactivo,1
inadecuado,-1
inadmisible,-1
inaguantable,-1
inalcanzable,-1
inalienable,1
inane,-1
inanicion,-1
inaplicable,-1
inapropiado,-1
inatencion,-1
inaudible,-1
inauguracion,1
incalculable,-1
incapacidad,-1
incapaz,-1
incauto,-1
incendiario,-1
incesante,-1
incesto,-1
incestuoso,-1
incienso,-1
incierto,-1
incineracion,-1
incisivo,1
incitar,-1
inclemente,-1
inclinacion,1
incluido,1
incluir,1
inclusive,1
incluyendo,1
incoherente,-1
incomodo,-1
incomparable,1
incompatible,-1
incompetencia,-1
incompetente,-1
incompletitud,-1
incompleto,-1
incomprensible,-1
inconcebible,-1
inconcluso,-1
incongruente,-1
inconsciente,-1
inconsecuencia,-1
inconsecuente,-1
inconstitucional,-1
incontestable,1
incontrolable,-1
inconveniente,-1
incorporeo,-1
incorrecto,-1
incredulidad,-1
incredulo,-1
increible,-1
increiblemente,1
incriminacion,-1
incruento,1
incubo,-1
incuestionable,1
incuestionablemente,1
incumplida,-1
incumplimiento,-1
incurable,-1
incursion,-1
incursionando,-1
indecente,-1
indecible,-1
indecision,-1
indeciso,-1
indefendible,-1
indefenso,-1
indeleble,1
indemne,1
indemnidad,1
indemnizar,-1
independencia,1
indeseable,-1
indestructible,1
indeterminado,-1
indiferencia,-1
indiferente,-1
indigente,-1
indignacion,-1
indignado,-1
indispuesto,-1
indistinto,-1
individualidad,1
individualmente,1
indiviso,1
indolente,-1
indomable,1
indudable,1
indulgente,1
inedito,-1
inefable,1
ineficacia,-1
ineficaz,-1
ineficiente,-1
ineptitud,-1
inepto,-1
inequivocamente,1
inerte,-1
inestabilidad,-1
inestable,-1
inestimable,1
inevitable,-1
inexacto,-1
inexcusable,-1
inexperiencia,-1
inexperto,-1
inexplicable,-1
infalible,1
infame,-1
infamia,-1
infancia,1
infanticidio,-1
infarto,-1
infeccion,-1
infeccioso,-1
infectar,-1
infelicidad,-1
infeliz,-1
inferior,-1
inferioridad,-1
infernal,-1
infestacion,-1
infidelidad,-1
infiel,-1
infierno,-1
infinito,1
inflacion,-1
inflado,-1
inflamacion,-1
inflexible,-1
infligir,-1
influenza,-1
influyente,1
informacion,1
informe,-1
infortunio,-1
infraccion,-1
infringir,-1
infructuoso,-1
infundado,-1
ingenio,1
ingenioso,1
ingenuo,-1
inhabilitar,-1
inhibir,-1
inhospito,-1
inhumanidad,-1
inhumano,-1
inimitable,1
ininteligible,-1
iniquidad,-1
injusticia,-1
injustificable,-1
injustificado,-1
injusto,-1
inmaculado,1
inmadurez,-1
inmaduro,-1
inmanejable,-1
inmenso,1
inmoral,-1
inmoralidad,-1
inmortal,1
inmundicia,-1
inmundo,-1
inmutable,-1
innovacion,1
innovar,1
inocencia,1
inocente,1
inocentemente,1
inocuo,1
inodoro,-1
inoperante,-1
inoportuno,-1
inoxidable,1
inquebrantable,1
inquieto,-1
inquietud,-1
inquilino,1
inquisitivo,1
insalubre,-1
insatisfaccion,-1
insatisfactorio,-1
insatisfecho,-1
inseguridad,-1
inseguro,-1
inseparable,1
insidioso,-1
insignias,1
insignificancia,-1
insignificante,-1
insipido,-1
insolente,-1
insolvencia,-1
insolvente,-1
insostenible,-1
inspector,1
inspiracion,1
inspirado,1
inspirar,1
instigacion,-1
instigar,-1
instintivo,1
instruccion,1
instructor,1
instruir,1
instrumental,1
insuficiencia,-1
insuficiente,-1
insuficientemente,-1
insultante,-1
insulto,-1
insuperable,-1
insuperado,1
insurgente,-1
insurreccion,-1
intacto,1
integridad,1
intelecto,1
intelectual,1
inteligencia,1
inteligente,1
intencionadamente,1
intercambio,1
interdiccion,-1
interdicto,-1
interes,1
interesado,1
interesante,1
interferencia,-1
interior,1
interlocutorio,1
interludio,1
interpretacion,-1
interrumpido,-1
interrumpir,-1
intestado,-1
intimidacion,-1
intimidar,-1
intimo,1
intitulado,-1
intolerable,-1
intolerancia,-1
intolerante,-1
intransitable,-1
intratable,-1
intrepido,1
intriga,-1
intrusion,-1
intruso,-1
intuicion,1
intuitivo,1
inutil,-1
invadir,-1
invalidacion,-1
invalidar,-1
invalidez,-1
invariablemente,1
invasion,-1
invasor,-1
inventivo,1
inventor,1
inversion,-1
investigacion,1
investigado,-1
investigador,1
investigar,1
invitacion,1
invitar,1
involucion,-1
involuntariamente,-1
involuntario,-1
ira,-1
irracional,-1
irracionalidad,-1
irradiar,1
irreconciliable,-1
irreducible,1
irreflexivo,-1
irrefutable,1
irregular,-1
irregularidad,-1
irregularidades,-1
irrelevante,-1
irreparable,-1
irresistible,1
irrespetuoso,-1
irresponsable,-1
irreverente,-1
irrevocable,-1
irritabilidad,-1
irritable,-1
irritacion,-1
irritante,-1
irrompible,1
jadeando,-1
jardin,1
jaula,-1
jerga,-1
jinete,1
jornada,-1
joven,1
jovial,1
juan,-1
jubilo,1
jubiloso,1
judicial,1
juego,-1
juerga,-1
jugador,-1
jugar,-1
jugueton,1
juicioso,1
junta,-1
juramento,1
jurar,1
justicia,1
justificable,1
justificacion,1
justo,1
juvenil,-1
juventud,1
juzgar,-1
ken,1
kern,-1
laberintico,-1
laberinto,-1
laboral,1
laborioso,-1
ladrido,-1
ladron,-1
lamentable,-1
lamentando,-1
lamentar,-1
lamento,-1
lamer,-1
langosta,-1
languidecer,-1
languideciendo,-1
languido,-1
lanza,-1
lanzamiento,1
lapso,-1
lascivo,-1
laser,1
lastimando,-1
latente,-1
latido,-1
latigazo,-1
latigo,-1
laureado,1
laurel,1
laureles,1
lava,-1
lavabo,-1
laxante,-1
laxo,-1
lazo,-1
leal,1
lealtad,1
leccion,1
lector,1
lectura,1
legal,1
legalidad,1
legalizado,1
legendario,1
legibilidad,1
legible,1
legitimo,1
lemma,1
lengueta,-1
lentitud,-1
lento,-1
leon,1
lepra,-1
lesbiana,-1
lesion,-1
lesionado,-1
lesionar,-1
letal,-1
letargo,-1
letrado,1
letrina,-1
letrinas,-1
leucemia,-1
levantamiento,-1
liberacion,1
liberar,1
libertad,1
libertinaje,-1
libidinoso,-1
libra,-1
libreria,1
libresco,1
lider,1
liga,1
limitado,-1
limon,-1
limpiamente,1
limpiar,1
limpieza,1
limpio,1
linchar,-1
lindo,1
linguista,1
lio,-1
lira,1
lirico,1
lisiado,-1
lisiar,-1
lisonjero,1
litera,1
litigante,-1
litigar,-1
litigio,-1
litigioso,-1
livido,-1
llaga,-1
llamadas,-1
llanto,-1
llave,-1
llorar,-1
loable,1
local,1
loco,-1
locura,-1
lodo,-1
logico,1
lograr,1
logro,1
longevidad,1
lontananza,-1
loro,-1
lucha,-1
lujo,1
lujoso,1
lujuria,-1
lumbering,-1
lunatico,-1
lustre,1
lustroso,1
luto,-1
madurar,1
maduro,1
maestria,1
maestro,1
mafia,-1
magico,1
magnetismo,1
magnetita,1
magnificencia,1
magnifico,1
mago,1
majestad,1
majestuoso,1
mal,-1
malaria,-1
maldad,-1
maldiciendo,-1
maldicion,-1
maldito,-1
malentendido,-1
malestar,-1
malevolo,-1
malformacion,-1
malhumorados,-1
malicia,-1
malicioso,-1
malignidad,-1
maligno,-1
malo,-1
maltratadas,-1
malvado,-1
malversacion,-1
mama,-1
mana,1
mancha,-1
mancomunidad,1
mandamus,-1
mandarina,1
manguito,-1
mania,-1
maniaco,-1
manifestada,1
manipulacion,-1
manipular,-1
maniqui,-1
manivela,-1
mansedumbre,1
mantecoso,1
maravilla,1
maravillosamente,1
maravilloso,1
marcado,1
marcha,1
marchitar,-1
marchito,-1
mareado,-1
mareo,-1
margen,-1
mariquita,-1
mariscal,1
marques,1
martingala,-1
martir,-1
martirio,-1
masacre,-1
masaje,1
masculino,1
mascullar,-1
masoquismo,-1
matadero,-1
matanza,-1
matar,-1
materialismo,-1
materialista,-1
maternidad,1
maton,-1
matorral,-1
matrimonio,1
matrona,1
maximo,1
mayor,1
mayordomo,1
mayoria,1
maza,-1
mazmorra,-1
mecenazgo,1
medalla,1
mediacion,1
mediador,1
mediar,1
medico,1
medido,1
mediocre,-1
mediocridad,-1
meditar,1
mediterraneo,1
medula,1
mejora,1
mejorado,1
mejoramiento,1
mejorar,1
melancolia,-1
melancolico,-1
melodrama,-1
memorable,1
mendicidad,-1
mendigar,-1
mendigo,-1
menguar,-1
menospreciar,-1
menstruo,1
mentira,-1
mentiroso,-1
mentor,1
mercancia,-1
mercenario,-1
merecer,1
merecido,1
merito,1
meritorio,1
mermelada,1
metalico,1
metanol,-1
metastasis,-1
metropolitano,1
mezquino,-1
microscopia,1
miedo,-1
miel,1
mierda,-1
milagro,1
milagroso,1
milicia,-1
mimetismo,-1
mimo,1
minado,-1
mindfulness,1
minimizar,-1
minimo,-1
ministerio,1
minoria,-1
miopia,-1
mirando,-1
miserable,-1
miseria,-1
misericordia,1
misericordioso,1
misionero,1
misplace,-1
misterioso,-1
mocasin,-1
modales,1
modelo,1
moderado,1
moderador,1
modernizacion,1
modestia,1
modesto,1
modorra,-1
mofa,-1
moho,-1
molestar,-1
molestia,-1
molesto,-1
monetario,1
monja,-1
monje,1
monocromo,-1
monopolista,-1
monotono,-1
monstruo,-1
monstruosidad,-1
monstruoso,-1
montaje,1
monumento,1
monzon,-1
moody,-1
moral,1
moralidad,1
morbido,-1
morbosidad,-1
mordaza,-1
morder,-1
morgue,-1
moribundo,-1
morir,-1
mortal,-1
mortalidad,-1
mortero,1
mortificacion,-1
mortuorio,-1
mosquito,-1
mota,-1
motin,-1
motivo,1
movil,1
moza,-1
mudable,1
mudo,-1
muerte,-1
mugre,-1
mugriento,-1
mula,-1
multa,-1
murmullo,-1
muscular,1
musica,1
musical,1
mutante,-1
mutilacion,-1
mutilado,-1
mutuo,1
muy,-1
nacimiento,1
nada,-1
nadar,1
nadir,-1
narcotico,-1
naturalista,1
naufragado,-1
naufragio,-1
nausea,-1
nauseabundo,-1
navegable,1
neblina,-1
necedad,-1
necesario,-1
necesitado,-1
nectar,1
negacion,-1
negado,-1
negando,-1
negar,-1
negativa,-1
negativo,-1
negligencia,-1
negligente,-1
negligentemente,-1
negociador,1
negociar,1
negro,-1
negrura,-1
nepotismo,-1
nervio,1
nervioso,-1
nestle,1
neumonia,-1
neuralgia,-1
neurosis,-1
neurotico,-1
nicotina,-1
nietos,1
nihilismo,-1
nivel,1
noble,1
nobleza,1
nocivo,-1
nomina,1
nominacion,1
normalidad,1
nostalgico,-1
notable,1
notables,1
novela,1
novia,1
noviazgo,1
novio,1
nublada,-1
nublado,-1
nubosidad,-1
nucleo,1
nul,-1
numeros,1
nupcial,1
nutrir,1
nutritivo,1
oasis,1
obediencia,1
obediente,1
obesidad,-1
obeso,-1
obi,-1
obit,-1
obituario,-1
objecion,-1
objetable,-1
objetado,-1
objetivo,1
obligar,-1
obligatorio,-1
obliteracion,-1
obliterado,-1
obliterar,-1
obscenidad,-1
obsceno,-1
observante,1
obstaculizando,-1
obstaculo,-1
obstruccion,-1
obstructivo,-1
obstruir,-1
obtuso,-1
obvio,1
ocio,1
ocioso,-1
ocultacion,-1
ocultar,-1
oculto,-1
ocupacion,1
ocupado,1
ocupante,1
ocupar,1
odiando,-1
odiar,-1
odio,-1
odioso,-1
ofender,-1
ofendido,-1
ofensiva,-1
oferta,1
offset,1
oficial,1
ogro,-1
okupa,-1
olfativo,-1
oliendo,-1
oligarquia,-1
olor,-1
olvidado,-1
olvido,-1
ominoso,-1
omitir,-1
omnisciente,1
oneroso,-1
opacidad,-1
opaco,-1
opcion,1
opcional,1
opera,1
operistico,-1
opiaceo,-1
opio,-1
oportunidad,1
oportuno,1
oposicion,-1
opresion,-1
opresivo,-1
opresor,-1
oprimir,-1
optimismo,1
optimista,1
opuesto,-1
opulencia,1
oracion,1
oraculo,1
orar,1
orco,-1
ordalias,-1
ordenacion,1
ordenado,1
organico,1
organizacion,1
organizado,1
organizar,1
orgasmo,1
orgullo,1
orgulloso,1
originalidad,1
ornamentado,1
oro,1
oropel,1
orquesta,1
ortiga,-1
ortografia,1
oscurecer,-1
oscurecido,-1
oscuridad,-1
ostentar,-1
ovacion,-1
owing,-1
oxidacion,-1
oxidado,-1
paca,-1
paciencia,1
paciente,1
pacifico,1
pacotilla,-1
pacto,1
pagano,-1
pagar,1
pago,-1
paja,-1
palabra,1
palabras,-1
palanca,-1
paleta,1
paliativo,1
palido,-1
paliza,-1
pan,-1
panacea,1
panal,-1
pandemia,-1
pandilla,-1
panico,-1
panier,1
pantano,-1
pantanoso,-1
papa,1
paperas,-1
paprika,1
parada,-1
paralisis,-1
paralizado,-1
paranoia,-1
parasito,-1
parche,-1
parcial,-1
parcialidad,-1
pardo,-1
paria,-1
parietal,1
parloteo,1
paro,-1
parodia,-1
parrilla,-1
parsimonioso,-1
parteria,1
participacion,1
participar,1
partidario,1
partidista,-1
pasatiempo,1
pasion,1
pasividad,-1
pasivo,-1
pasteles,1
pasto,1
pastor,1
patada,-1
patente,1
patetico,-1
patin,-1
patrana,-1
patriarcal,1
patrocinador,1
patron,1
pavor,-1
payaso,1
paz,1
peatonal,-1
pecado,-1
pecador,-1
pecaminoso,-1
pecar,-1
peculado,-1
peculiaridad,1
peculiaridades,-1
pega,-1
pelea,-1
peligro,-1
peligroso,-1
peludo,-1
pena,-1
penal,-1
penetracion,-1
penitenciario,-1
penosamente,-1
pensador,1
pensativo,1
penumbra,-1
peon,-1
peor,-1
pequeno,-1
percance,-1
perceptible,1
percibir,1
perder,-1
perdicion,-1
perdida,-1
perdido,-1
perdon,1
perdonado,1
perdonador,1
perdonar,1
perecedero,-1
perecer,-1
perecido,-1
pereciendo,-1
perenne,1
pereza,-1
perezoso,-1
perfeccion,1
perfecto,1
pericia,1
peril,-1
periodista,1
perjudicar,-1
perjudicial,-1
perjuicio,-1
perjurio,-1
permiso,1
permitir,1
permitirse,1
pernicioso,-1
perpetuacion,-1
perpetuidad,1
perplejidad,-1
perplejo,-1
perra,-1
persecucion,-1
perseguir,-1
persistencia,1
persistente,1
personificar,-1
perspectiva,1
perspicacia,1
perspicaz,1
pertinente,1
perturbacion,-1
perturbado,-1
perversion,-1
perverso,-1
pervertido,-1
pesadilla,-1
pesado,-1
pesimismo,-1
pesimista,-1
pestilencia,-1
petardo,-1
piadoso,1
picadillo,-1
picadura,-1
picar,-1
picaro,-1
picea,1
picnic,1
picotear,1
piedad,1
piedra,-1
pifia,-1
pilar,1
pildora,1
pillaje,-1
pilluelo,-1
piloto,1
pinaculo,1
pinchazo,-1
pino,-1
pinon,-1
pintoresco,1
piojo,-1
pionero,1
pique,-1
piquete,-1
piquetes,-1
pirata,-1
pirateria,-1
piscina,1
pistola,-1
pivote,1
pizarra,1
placentero,1
placido,1
plaga,-1
plagio,-1
planificacion,1
plantear,-1
platija,-1
pleito,-1
plenario,1
plexo,1
plomada,1
poblacion,1
pobre,-1
pobreza,-1
pocilga,-1
poderosamente,1
poderoso,1
podredumbre,-1
podrido,-1
polemica,-1
polemico,-1
policia,1
poligamia,-1
polio,-1
polucion,-1
polvo,-1
pompa,-1
pomposo,-1
ponche,-1
popa,-1
popularidad,1
popularizado,1
popurri,1
pornografia,-1
pornografico,-1
porrazo,-1
portador,-1
portatil,1
poseer,1
poseido,-1
posesion,-1
posicion,1
postigo,1
postumo,-1
potable,1
potencia,1
potente,1
practica,1
practicado,1
practico,1
prado,1
precario,-1
precedencia,1
precedente,1
preceder,1
precioso,1
precision,1
preciso,1
precursor,1
predicamento,-1
predileccion,1
predispuesto,-1
predominante,1
preeminente,1
preferido,1
preferir,1
pregunta,1
prejuicio,-1
premeditado,-1
premio,1
prenda,1
preocupado,-1
preocupante,-1
preocuparse,-1
preparacion,1
preparado,1
preparar,1
presa,-1
presagio,-1
presciente,1
presencia,1
presentable,1
presente,1
presentimiento,-1
preservar,1
preservativo,1
presidenta,1
presidente,1
presion,-1
preso,-1
prestatario,-1
prestidigitacion,-1
prestigio,1
presto,1
presumido,-1
presuntuoso,-1
pretendiendo,-1
pretension,-1
pretensiones,-1
prevalecer,1
prevencion,1
prevenido,-1
preventivo,-1
prever,1
prevision,1
prevista,1
prima,1
primacia,1
primario,1
primogenito,1
princesa,1
principal,1
principe,1
principesco,1
prision,-1
pristino,1
privacion,-1
privado,-1
privilegiado,1
probidad,1
problema,-1
procedimiento,1
procesable,-1
procesado,-1
procesar,-1
procesion,1
procurador,1
procurarse,1
prodigio,1
prodigioso,1
produccion,1
productividad,1
productivo,1
productor,1
profanacion,-1
profano,-1
profesion,1
profesional,1
profesor,1
profeta,1
profilactico,1
profundidad,1
profusion,-1
profuso,1
progresion,1
progresivo,1
progreso,1
prohibicion,-1
prohibido,-1
prohibiendo,-1
prohibir,-1
prolifico,1
prolongar,-1
promesa,1
prometedor,1
prominencia,1
prominentemente,1
promiscuo,-1
promocion,1
propaganda,-1
propicio,1
propiedad,1
proporcionando,1
proporcionar,1
proposicion,1
proscribir,-1
prospera,1
prosperar,1
prosperidad,1
prospero,1
prostitucion,-1
prostituta,-1
proteger,1
proverbial,1
provocacion,-1
provocador,-1
proximo,1
prudencia,1
prudente,1
psicosis,-1
publicista,-1
publico,1
pueril,-1
pulcramente,1
pulcro,1
pulga,-1
pulido,1
pulimento,1
pulla,-1
pulpito,1
punalada,-1
punitivo,-1
puntal,-1
puntuacion,1
puntual,1
puntualidad,1
puramente,1
pureza,1
purga,-1
purgatorio,-1
purificacion,1
purificar,1
purista,1
pus,-1
puta,-1
quebrado,-1
queja,-1
quejarse,-1
quemado,-1
querella,-1
querer,-1
querido,1
quiebra,-1
quietud,1
quimico,1
quinina,1
quisquilloso,-1
quiste,-1
quitar,-1
rabia,-1
rabieta,-1
rabioso,-1
racional,1
radiacion,-1
radiante,1
radio,1
radioactivo,-1
radon,-1
raido,-1
rallado,-1
ram,-1
ramera,-1
ramo,1
rancio,-1
rapaces,-1
rapidez,1
rapido,1
rapto,1
raqueta,-1
rareza,-1
rata,-1
raya,-1
rayo,-1
razon,1
reaccionario,-1
reacio,-1
reafirmar,1
real,1
realeza,1
realizado,1
reanudacion,1
rebelde,-1
rebuscado,1
recado,1
recaida,-1
recalcitrante,-1
recargo,-1
recepcion,1
recesion,-1
rechaza,-1
rechazado,-1
rechazar,-1
rechazo,-1
recibido,1
recinto,-1
reclinar,1
recoger,1
recomendable,1
recomendar,1
recompensa,1
reconciliacion,1
reconocible,1
reconocimiento,1
reconsideracion,1
reconstruccion,1
reconstruir,1
recreacion,1
recreativo,1
rectificar,1
recuerdo,1
recuperacion,1
recuperar,1
recursos,1
redada,-1
redencion,1
reduccion,-1
reducir,-1
redundante,-1
reembolsar,1
reembolso,1
refinamiento,1
refinar,1
reflujo,-1
reforma,1
reformador,1
reforzamiento,1
reforzar,1
refractario,-1
refrenar,-1
refrescante,1
refriega,-1
refugio,1
refundicion,1
refutar,-1
regalo,1
regano,-1
regente,1
regio,1
regocijarse,1
regocijo,1
regresion,-1
regulador,-1
regular,1
regularidad,1
regularizado,1
regusto,-1
rehabilitacion,1
rehabilitar,1
rehen,-1
rehuir,-1
reimpresion,-1
reincidencia,-1
reintegrar,1
rejilla,-1
rejuvenecer,1
rejuvenecido,1
relaciones,1
relajacion,1
reluciente,1
remachado,1
remanso,-1
remediador,-1
remedio,1
remendando,1
remision,1
remiso,-1
remodelar,1
remojar,-1
remordimiento,-1
renacimiento,1
rencontre,-1
rencor,-1
rendicion,-1
renegado,-1
renombrado,1
renombre,1
renovacion,1
renovar,1
renuencia,-1
renuncia,-1
renunciar,-1
reorganizar,1
reparacion,1
reparo,-1
repelente,-1
repetitivo,-1
repleto,1
reponer,1
reportero,1
reposo,1
reprension,-1
represalia,-1
represalias,-1
representado,1
represion,-1
reprimenda,-1
reprimir,-1
reproche,-1
reproductivo,1
republica,-1
repudio,-1
repugnante,-1
repulsion,-1
resbalon,-1
rescindir,-1
rescision,-1
resentido,-1
resentimiento,-1
reserva,1
reservado,-1
residente,1
residuos,-1
resignado,-1
resistador,1
resistiendo,-1
respetabilidad,1
respetable,1
respeto,1
respetuoso,1
respiro,1
resplandeciente,1
resplandor,1
responsabilidad,1
responsable,1
restauracion,1
restaurar,1
restaurativo,1
restitucion,1
resto,1
restrictivo,-1
restringir,-1
resueltamente,1
resultado,1
retardar,-1
retencion,1
reticent,-1
retirada,-1
retirar,-1
retono,1
retorcerse,-1
retorta,-1
retozar,1
retozon,1
retraccion,-1
retraer,-1
retrasado,-1
retraso,-1
retrete,-1
retroceder,-1
retrogrado,-1
reumatismo,-1
reunion,1
revel,1
reventado,-1
reventar,-1
reverencia,1
reverenciar,1
reverendo,1
reves,-1
revisar,1
revocacion,-1
revocar,-1
revolcarse,-1
revoltijo,-1
revoltoso,-1
revolucionario,1
revolver,-1
revuelta,-1
revulsion,-1
rey,1
rezagado,-1
ridiculo,-1
riendo,1
riesgo,-1
rifle,-1
rigidez,-1
rigido,-1
rigor,-1
riguroso,-1
rina,-1
riqueza,1
risa,1
risilla,1
risita,1
ritmico,1
ritmo,1
rivalidad,-1
rizo,1
roadster,1
robado,-1
robar,-1
roble,1
robo,-1
robustece,1
robusto,1
roca,1
rocin,-1
romanticismo,1
romantico,1
romper,-1
rompio,-1
ronco,-1
rondar,-1
ronroneo,1
rosado,1
roscado,-1
roto,-1
rubrica,1
ruda,-1
ruido,-1
ruidoso,-1
ruin,-1
ruina,-1
ruinas,-1
ruinoso,-1
rumor,-1
rumores,-1
ruptura,-1
ruth,1
rutina,1
sabiduria,1
sabio,1
sable,-1
sabor,1
sabotaje,-1
sabroso,1
sacerdocio,1
sacerdotal,1
sacerdote,1
sacrificio,-1
sacrificios,-1
sacudida,-1
salario,1
salida,-1
salido,-1
saliente,1
salmo,1
salon,-1
saltar,1
saludable,1
saludo,1
salvacion,1
salvaguardar,1
salvaje,-1
salvajismo,-1
salvia,1
samurai,1
sanar,1
sancion,-1
sangre,-1
sangria,-1
sangriento,-1
sanguijuela,-1
sanguijuelas,-1
sanguina,1
sanguinario,-1
sanitario,1
sano,1
santidad,1
santificacion,1
santificar,1
santo,1
santuario,1
sapo,-1
saqueo,-1
sarampion,-1
sarcasmo,-1
sarcastico,-1
sarcoma,-1
sardonico,-1
sarna,-1
satanico,-1
saten,1
satisfacer,1
satisfactoriamente,1
satisfecho,1
saturado,-1
savia,-1
sazonado,1
secesion,-1
secrecion,-1
secretaria,1
sectario,-1
secuelas,-1
secuestrar,-1
secuestro,-1
seda,1
sedicion,-1
sediento,-1
seduccion,-1
seducir,-1
seductor,1
segregada,-1
segregar,-1
seguridades,1
seguro,1
sello,1
semental,1
sencillo,1
senil,-1
senorio,1
sensacional,1
sensibilidad,1
sensible,1
sensualidad,1
sentencia,-1
sentido,1
sentimental,1
sentimentalismo,1
senuelo,-1
separatista,-1
septicemia,-1
septico,-1
sequia,-1
serenidad,1
seriedad,1
serio,1
sermon,1
serpenteante,-1
serpiente,-1
servil,-1
servir,-1
sesgada,-1
sesos,1
severo,-1
sexo,1
shanghai,-1
shrunk,-1
sidra,1
siesta,1
silbido,-1
silencio,1
simbolico,1
simetria,1
simetrico,1
simpatia,1
simpatico,1
simplificar,1
sinceridad,1
sincero,1
sincope,-1
sincronizar,1
sinergica,1
sinfonia,1
siniestro,-1
sinodo,1
sintoma,-1
sirena,-1
situacion,-1
smash,-1
snob,-1
soborno,-1
sobrecarga,-1
sobrecargar,-1
sobredosis,-1
sobregiro,-1
sobrehumano,1
sobreprecio,-1
sobresalir,1
sobrestimado,-1
sobriedad,1
sociable,1
socialista,-1
socio,1
sofocante,-1
sojuzgar,-1
sol,1
solapa,-1
soldado,1
soleado,1
soledad,-1
solidez,1
solido,1
solitario,-1
sollozo,-1
soltero,-1
solterona,-1
solucion,1
solvencia,1
somatico,-1
sombreado,-1
sombrio,-1
sometido,-1
somorgujo,-1
sonar,1
sonata,1
soneto,1
sonoro,1
sonriente,1
sonrisa,1
sopa,1
soplador,-1
soportar,1
sordido,-1
sordos,-1
sorprendentemente,1
sorpresa,1
sosegado,1
soso,-1
sospecha,-1
sospechoso,-1
sostenible,1
spa,1
spaniel,1
staccato,1
stocks,-1
suavidad,1
sublimacion,1
subordinado,-1
subrayar,1
subsanado,1
subsidio,-1
subsiguiente,1
subsistir,-1
subversion,-1
subversivo,-1
subvertir,-1
subyugacion,-1
sucia,-1
suciedad,-1
sucinto,1
sucio,-1
sucumbir,-1
suelo,-1
suero,1
suerte,1
suficiencia,1
sufrimiento,-1
sufrir,-1
suicida,-1
suicidio,-1
sujecion,-1
sujeto,-1
sumergir,1
suministro,1
suministros,1
superabundancia,-1
supercheria,-1
superestrella,1
superficial,-1
superfluo,-1
superhombre,1
superior,1
superioridad,1
supersticioso,-1
supremamente,1
supremo,1
supresion,-1
suprimir,-1
susceptible,-1
suscribir,1
suspender,-1
suspension,-1
suspicaz,-1
sustancia,1
sustantivo,1
sustentacion,1
susto,-1
sustraer,-1
tabaco,-1
tabu,-1
taburetes,-1
tacano,-1
tacto,1
taladro,-1
talento,1
talisman,1
tallo,-1
talon,-1
tambaleante,-1
tamborileo,-1
tardanza,-1
tarde,-1
tardio,-1
tarea,1
tarifa,-1
taxi,1
teatro,1
tecnologia,1
tedio,-1
tedioso,-1
teismo,-1
tejon,-1
telar,-1
tembladera,-1
temblor,-1
temerario,-1
temeroso,-1
temiendo,-1
tempestad,-1
tempestuoso,-1
templado,1
templanza,1
tenacidad,1
tenaz,1
tendencia,1
tenencia,1
tenso,-1
tentacion,-1
teocratico,-1
teoretico,1
terapeutica,1
terapeutico,1
terciopelo,1
tergiversacion,-1
tergiversado,-1
terminal,-1
termita,-1
ternero,1
ternura,1
terremoto,-1
terrible,-1
terror,-1
terrorismo,-1
terrorista,-1
tesoro,1
teta,-1
tetanos,-1
tia,1
tiburon,-1
tic,-1
tienda,1
tientas,-1
tierno,1
tierra,1
tifon,-1
timidez,-1
timido,-1
tira,-1
tirania,-1
tiranico,-1
tirano,-1
titulo,1
tizon,-1
tocado,-1
todopoderoso,1
tolerancia,1
tolerante,1
tolerar,-1
tonto,-1
torbellino,-1
torcido,-1
tormenta,-1
tormento,-1
torpe,-1
torpedo,-1
torpeza,-1
torre,1
torrido,-1
tortuoso,-1
tortura,-1
torunda,-1
tos,-1
toxico,-1
toxina,-1
trabajado,-1
trabajo,1
tradicional,1
tragedia,-1
tragico,-1
trago,-1
traicion,-1
traicionar,-1
traicionero,-1
traidor,-1
trampa,-1
trampas,-1
trance,-1
tranquilidad,1
tranquilizar,1
tranquilo,1
transgresion,-1
transparencia,1
trascendencia,1
trascendental,1
trasero,-1
traste,-1
trastornado,-1
trastorno,-1
traumatico,-1
travail,-1
travesura,-1
travieso,-1
tregua,1
tremendamente,1
tremendo,-1
tribulacion,-1
tribunal,-1
trigonometria,1
trillar,-1
tripas,1
triste,-1
tristemente,-1
tristeza,-1
triunfante,1
triunfo,1
trofeo,1
trompeta,-1
trono,1
tropezon,-1
truco,-1
true,1
tumor,-1
tumulto,-1
tumultuoso,-1
turba,-1
turbio,-1
turbulencia,-1
turbulento,-1
tutela,1
tutor,1
ujier,1
ulcera,-1
ulterior,-1
ultimatum,-1
ulular,-1
unanime,1
unanimidad,1
unguento,1
unico,1
unidad,1
unido,1
unificacion,1
uniformemente,1
unirse,1
unisono,1
unitario,1
universidad,1
urdimbre,-1
urgente,-1
usado,-1
usual,1
usura,-1
usurpado,-1
usurpar,-1
utero,1
util,1
utilidad,1
utopico,1
vacaciones,1
vacante,-1
vacilacion,-1
vacilante,-1
vacuna,1
vacuo,-1
vagabundo,-1
vago,-1
vaguedad,-1
valentia,1
valiente,1
valioso,1
valor,1
vampiro,-1
vanamente,-1
vanguardia,1
vanidad,-1
varado,-1
varicela,-1
varicoso,-1
varonil,1
vecino,1
vegetativo,-1
vehemente,-1
veintiuna,-1
vellon,-1
velloso,1
vencedor,1
vendetta,-1
vendible,1
veneno,-1
venenoso,-1
venerable,1
veneracion,1
vengador,-1
venganza,-1
vengativo,-1
ventaja,1
ventajoso,1
ventosa,-1
veracidad,1
verbosidad,-1
verdad,1
verdadero,1
verde,1
verdugo,-1
vergonzoso,-1
verguenza,-1
verificacion,1
verificado,1
vernal,1
verruga,-1
versus,-1
vertederos,-1
vertical,1
vertiginoso,-1
vertigo,-1
vestir,1
veterano,1
veto,-1
viaje,1
vibora,-1
vicario,1
viciado,-1
vicio,-1
vicioso,-1
victima,-1
victimizado,-1
victoria,1
victorioso,1
viga,1
vigilante,1
vigor,1
vigorizar,1
vigoroso,1
vil,-1
villancico,1
villano,-1
vindicacion,1
vindicado,1
violacion,-1
violencia,-1
violentamente,-1
violento,-1
virgen,1
virginidad,1
virilidad,1
virtud,1
virtuoso,1
virulencia,-1
virus,-1
vision,1
visionario,1
visita,1
visitacion,-1
visitante,1
vital,1
vitalidad,1
vivaz,1
vivero,1
vivido,1
vivienda,-1
vivo,1
vocabulario,1
volatilidad,-1
volcan,-1
volcar,-1
voluble,-1
volumen,-1
voluntario,1
voluntarioso,-1
voluptuoso,1
vomitos,-1
voraz,-1
votacion,1
vudu,-1
vuelo,1
vulgar,-1
vulgaridad,-1
vulnerabilidad,-1
wen,-1
whisky,-1
wimpy,-1
wis,1
wot,1
xenofobia,-1
zambullida,-1
zangano,-1
zoquete,-1
zorra,-1
zumbaban,-1
zumbido,1
